Benchmark;Dimensions;OffspringPopSize;GenerationsNumber;AllowQuadraticTerms;UseRedundantConstraintsRemoving;UseSeeding;UseDataNormalization;ConstraintsNumber;NonZeroTermsNumber;JaccardTrainingSet;JaccardTestSet;Precision;Recall;F1Score;MeanAngle;LastFitnessScore;NumberOfGenerationBestSolutionTakenFrom;TruePositives;FalsePositives;TrueNegatives;FalseNegatives;Accuracy;FallOut;FalseDiscoveryRate;FalseOmissionRate;MissRate;NegativePredictiveValue;Specificity
Simplexn;2;100;1000;False;True;False;False;3;---;0,644206373719945;0,530435812232374;0,569415425866704;0,898264502255136;0,685128908854468;0,262014291881372;0,311970854038981;85;8720;7519;82774;988;0,914937;0,0832720455905423;0,430584574133295;0,0115954087485412;0,101735497744864;0,988404591251459;0,916727954409458
Simplexn;2;100;1000;False;True;False;True;3;---;0,577393494001782;0,452174653726603;0,510889238635686;0,80867963741247;0,620841134142468;0,659818044323613;0,453157160281391;188;7849;8132;82160;1858;0,900094;0,0900704087694143;0,489110761364314;0,0219254082288117;0,19132036258753;0,978074591771188;0,909929591230586
Simplexn;2;100;1000;False;True;True;False;3;---;0,624976301997704;0,0137514053686803;0,0158122143911899;0,131805722290464;NaN;0,800438362838284;0,294430083791871;68;316;15270;81507;2907;0,818231333333333;0,157795292450351;0,98418778560881;0,0340818416879437;0,868194277709536;0,965918158312056;0,842204707549649
Simplexn;2;100;1000;False;True;True;True;3;---;0,57513702334274;0,0796652963619004;0,0882306432178201;0,569831544583478;NaN;0,640218248591545;0,453319592828145;176;1396;14410;82367;1827;0,837631;0,148656253139308;0,91176935678218;0,0214539344740366;0,430168455416522;0,978546065525963;0,851343746860692
Simplexn;2;200;500;False;True;False;False;3;---;0,89587849819059;0,967122070358592;0,974118380686736;0,992682927361649;0,983212526211517;0,0301137736085701;0,89506685646655;233;9637;260;90033;71;0,996691666666667;0,00287729335412579;0,0258816193132639;0,000788076766350114;0,0073170726383513;0,99921192323365;0,997122706645874
Simplexn;2;200;500;False;True;False;True;3;---;0,896696817881948;0,965777804723505;0,973256174159007;0,992078081793144;0,98252219616342;0,0425666815796533;0,894629306439957;286;9631;267;90026;77;0,996564;0,00295415353654537;0,0267438258409932;0,000852912115560867;0,00792191820685597;0,999147087884439;0,997045846463455
Simplexn;2;200;500;False;True;True;False;3;---;0,896121185628943;1,71768181662029E-06;3,48165169556438E-06;3,38994542187871E-06;NaN;0,772872355784668;0,895038664564278;288;0;9872;86904;3224;0,869043333333333;0,10211372108438;0,999996518348304;0,0357547491225675;0,999996610054578;0,964245250877432;0,89788627891562
Simplexn;2;200;500;False;True;True;True;3;---;0,880298090880956;0,0188885987253539;0,0223821653051404;0,0433011250493492;NaN;0,696346162354172;0,878405514636732;326;358;10006;86770;2865;0,871285333333333;0,103527102711006;0,97761783469486;0,0319815294159249;0,956698874950651;0,968018470584075;0,896472897288994
Simplexn;2;500;200;False;True;False;False;3;---;0,898169651743449;0,977364289236761;0,98416172677733;0,992972225047764;0,988496304969528;0,0148022616700063;0,897315662286185;99;9639;157;90135;68;0,997748666666667;0,00173691348473956;0,0158382732226702;0,000756940206934712;0,00702777495223565;0,999243059793065;0,99826308651526
Simplexn;2;500;200;False;True;False;True;3;---;0,894254912901081;0,96145628533777;0,971683915170931;0,989150675261537;0,980204751101001;0,04506674537924;0,892202396815552;122;9602;283;90009;105;0,996111333333334;0,00313921622008427;0,0283160848290691;0,0011678799831535;0,010849324738463;0,998832120016847;0,996860783779915
Simplexn;2;500;200;False;True;True;False;3;---;0,897908601415325;0,0330293186885676;0,0332887232199613;0,0331433010062886;NaN;0,748293057405166;0,897024530828227;94;320;9472;87153;3054;0,874738;0,0979129992589223;0,966711276780039;0,0338421946996952;0,966856698993711;0,966157805300305;0,902087000741078
Simplexn;2;500;200;False;True;True;True;3;---;0,890422212583536;0,0359107933132321;0,0362821972498272;0,0623899758838761;NaN;0,706872732117498;0,889128469905924;123;374;9698;86928;3001;0,873012333333333;0,10024764927332;0,963717802750173;0,0333068508370107;0,937610024116124;0,966693149162989;0,89975235072668
Simplexn;2;1000;100;False;True;False;False;3;---;0,898466030202262;0,978652856712206;0,985431351024961;0,993024920472635;0,98917325990665;0,0335222888124736;0,897766992444701;52;9640;144;90148;68;0,997880666666667;0,00159704463561106;0,0145686489750384;0,000750929121848805;0,00697507952736525;0,999249070878151;0,998402955364389
Simplexn;2;1000;100;False;True;False;True;3;---;0,897204461992576;0,970680525360798;0,977335396459724;0,993015367887662;0,985053179693254;0,0344659479109898;0,896466935375619;64;9640;226;90066;68;0,997058666666667;0,00250725712305345;0,0226646035402761;0,000752114696135534;0,00698463211233774;0,999247885303865;0,997492742876946
Simplexn;2;1000;100;False;True;True;False;3;---;0,898405458045897;0,0316086998484005;0,0322107371769002;0,0327211183236486;NaN;0,746583532564339;0,89773768591499;45;316;9454;87172;3058;0,874881;0,0977353705159182;0,9677892628231;0,0338783634057235;0,967278881676351;0,966121636594277;0,902264629484082
Simplexn;2;1000;100;False;True;True;True;3;---;0,8968505387358;0,0329074736257656;0,0332387104705871;0,0330620983885052;NaN;0,733294076236857;0,896281960790678;68;319;9557;87069;3055;0,873881333333333;0,0988176681340557;0,966761289529413;0,0339177406151539;0,966937901611495;0,966082259384846;0,901182331865945
Simplexn;3;100;1000;False;True;False;False;4;---;0,418140816750924;0,134970218612351;0,158208790645406;0,707581016486695;0,229683149381922;0,356641907753037;0,0262065185618793;176;914;8579;90129;378;0,910428666666667;0,0869108500272131;0,841791209354594;0,00404104328006252;0,292418983513305;0,995958956719937;0,913089149972787
Simplexn;3;100;1000;False;True;False;True;4;---;0,537529924910711;0,136623310678042;0,14180008509428;0,860077414536332;0,236768795432999;1,10715041316124;0,107121758449084;183;1111;9993;88716;181;0,898264333333333;0,101244849411061;0,85819991490572;0,0020233332887917;0,139922585463668;0,997976666711208;0,89875515058894
Simplexn;3;100;1000;False;True;True;False;6;---;0,441780258939481;0;0;NaN;NaN;0,895414461928376;0,0410791245243218;107;0;8382;91618;0;0,916182333333333;0,0838176666666667;1;0;NaN;1;0,916182333333333
Simplexn;3;100;1000;False;True;True;True;4;---;0,536682179005909;0;0;NaN;NaN;1,07515887194688;0,0695055926306056;194;0;8944;91056;0;0,910561;0,089439;1;0;NaN;1;0,910561
Simplexn;3;200;500;False;True;False;False;6;---;0,964244194148628;0,871027590479214;0,87801731689022;0,990934118119579;0,930659598956435;0,0919556939878087;0,963385024636925;353;1280;180;98528;12;0,998079666666667;0,00182728502936832;0,12198268310978;0,00011838614808927;0,00906588188042153;0,999881613851911;0,998172714970632
Simplexn;3;200;500;False;True;False;True;7;---;0,916421438314068;0,656931244967465;0,668224907719673;0,969134904704702;0,782390673290633;0,277960936430179;0,914359550417954;451;1252;722;97986;40;0,992376333333333;0,0073187748983209;0,331775092280327;0,000408729761713951;0,0308650952952982;0,999591270238286;0,992681225101679
Simplexn;3;200;500;False;True;True;False;6;---;0,965859264302619;0;0;NaN;NaN;0,221021327100263;0,964994216749049;357;0;1442;98558;0;0,985578333333333;0,0144216666666667;1;0;NaN;1;0,985578333333333
Simplexn;3;200;500;False;True;True;True;7;---;0,915162884455934;0;0;NaN;NaN;0,370269603650037;0,913759071758732;462;0;2092;97908;0;0,979075333333334;0,0209246666666667;1;0;NaN;1;0,979075333333334
Simplexn;3;500;200;False;True;False;False;6;---;0,965733452403305;0,874689309521484;0,881433435934065;0,991266612310552;0,932454914862892;0,0879277147950756;0,964862475951781;126;1280;177;98532;11;0,998118333333333;0,00179218810501042;0,118566564065936;0,000114339621812753;0,00873338768944825;0,999885660378187;0,99820781189499
Simplexn;3;500;200;False;True;False;True;7;---;0,931442918891377;0,693671597790161;0,705186948367316;0,974483126754121;0,812099832754077;0,279151903094912;0,929702421131243;175;1259;592;98117;33;0,993752;0,00599632982082514;0,294813051632683;0,000336050338880785;0,025516873245879;0,999663949661119;0,994003670179175
Simplexn;3;500;200;False;True;True;False;6;---;0,965967754014547;0;0;NaN;NaN;0,240055228202977;0,965097236629515;116;0;1458;98542;0;0,985415666666667;0,0145843333333333;1;0;NaN;1;0,985415666666667
Simplexn;3;500;200;False;True;True;True;6;---;0,943191820460317;0;0;NaN;NaN;0,321809093764804;0,940986206863367;180;0;1725;98275;0;0,982747333333334;0,0172526666666667;1;0;NaN;1;0,982747333333334
Simplexn;3;1000;100;False;True;False;False;5;---;0,964885873212773;0,87188453407284;0,876745828555188;0,993856400142186;0,9312565718075;0,0862230727842443;0,964392689300056;71;1284;183;98526;8;0,998091666666667;0,00185297162502062;0,123254171444812;8,04921928728793E-05;0,00614359985781388;0,999919507807127;0,998147028374979
Simplexn;3;1000;100;False;True;False;True;6;---;0,938436962316828;0,729944767570834;0,73953143243274;0,980131765374661;0,836934810100114;0,279997928658283;0,936941824613097;92;1266;510;98199;26;0,994648333333333;0,0051624279663896;0,26046856756726;0,000260790552716572;0,0198682346253389;0,999739209447283;0,99483757203361
Simplexn;3;1000;100;False;True;True;False;5;---;0,965361081519182;0;0;NaN;NaN;0,22951563595388;0,964426803380909;73;0;1458;98542;0;0,985424666666667;0,0145753333333333;1;0;NaN;1;0,985424666666667
Simplexn;3;1000;100;False;True;True;True;6;---;0,950447053092457;0;0;NaN;NaN;0,306384927000006;0,949643014708018;91;0;1641;98359;0;0,983588333333333;0,0164116666666667;1;0;NaN;1;0,983588333333333
Simplexn;4;100;1000;False;True;False;False;6;---;0,0450027344348245;0,00464816797022186;0,00852005890736293;0,118751591584332;NaN;0,887442028657981;0,00258126195028681;156;15;5906;93967;112;0,939817666666667;0,0591315861678113;0,991479941092637;0,00117509361289416;0,881248408415667;0,998824906387106;0,940868413832189
Simplexn;4;100;1000;False;True;False;True;8;---;0,254381782585714;0,00931451640033982;0,0096442102682004;0,903318573621105;0,0182924198288094;1,44019553025783;0;113;114;21192;78681;13;0,787948333333333;0,212188128758962;0,9903557897318;0,000133296206270106;0,0966814263788948;0,99986670379373;0,787811871241038
Simplexn;4;100;1000;False;True;True;False;10;---;0,393244772664172;0;0;NaN;NaN;1,40679232927967;0,00258126195028681;1;0;2985;97015;0;0,970147666666667;0,0298523333333333;1;0;NaN;1;0,970147666666667
Simplexn;4;100;1000;False;True;True;True;9;---;0,413979316624892;0;0;NaN;NaN;1,44155964983355;0;101;0;3849;96151;0;0,961505666666666;0,0384943333333333;1;0;NaN;1;0,961505666666666
Simplexn;4;200;500;False;True;False;False;7;---;0,429762911516142;0,189221228695621;0,197990548148144;0,452943973890008;NaN;0,548720997360121;0,410847251042567;185;57;1700;98173;70;0,982301333333333;0,0170190358913624;0,802009451851855;0,000717825584763894;0,547056026109992;0,999282174415236;0,982980964108638
Simplexn;4;200;500;False;True;False;True;9;---;0,539956179553634;0,0920987335753756;0,0927808209976314;0,958693409715935;0,152701033194703;1,05445546893653;0,422057095349369;231;122;13171;86702;5;0,86824;0,13187507214595;0,907219179002369;5,36124528501899E-05;0,0413065902840647;0,99994638754715;0,86812492785405
Simplexn;4;200;500;False;True;True;False;9;---;0,654639634300554;0;0;NaN;NaN;0,902790488876449;0,441973305935689;190;0;1802;98198;0;0,981983666666667;0,0180163333333333;1;0;NaN;1;0,981983666666667
Simplexn;4;200;500;False;True;True;True;9;---;0,637330239788128;0;0;NaN;NaN;1,01363208674622;0,428800880317922;217;0;1991;98009;0;0,980086666666667;0,0199133333333333;1;0;NaN;1;0,980086666666667
Simplexn;4;500;200;False;True;False;False;7;---;0,914073302526002;0,494062056864104;0,497915118517075;0,922505375685034;NaN;0,228383651893079;0,913478953668576;137;117;419;99454;10;0,995711333333333;0,00419077124448483;0,502084881482925;0,000103624710626904;0,0774946243149663;0,999896375289373;0,995809228755515
Simplexn;4;500;200;False;True;False;True;10;---;0,889182118721457;0,236070308565824;0,237382020465237;0,97815205713011;0,36562006892678;0,560241800031536;0,876931386666782;172;124;2564;97309;3;0,974333666666667;0,0256690921581017;0,762617979534763;2,81875083908756E-05;0,0218479428698904;0,999971812491609;0,974330907841898
Simplexn;4;500;200;False;True;True;False;7;---;0,939827436113661;0;0;NaN;NaN;0,323059393484605;0,912007656126243;126;0;731;99269;0;0,992686666666667;0,00731333333333332;1;0;NaN;1;0,992686666666667
Simplexn;4;500;200;False;True;True;True;9;---;0,91169904622007;0;0;NaN;NaN;0,56770371336034;0,884615053261523;177;0;740;99260;0;0,992602333333333;0,00739766666666667;1;0;NaN;1;0,992602333333333
Simplexn;4;1000;100;False;True;False;False;7;---;0,994307933050241;0,616161363788188;0,61743035085474;0,996868712287467;0,759547866239738;0,104213135774424;0,993979473225855;65;127;82;99791;0;0,999180666666667;0,00081637128767638;0,38256964914526;4,00822392262838E-06;0,00313128771253307;0,999995991776077;0,999183628712324
Simplexn;4;1000;100;False;True;False;True;9;---;0,926707287979762;0,286332345649916;0,288214658668412;0,979247637365194;0,430955842540638;0,513748227037417;0,919505679698035;94;124;1182;98691;3;0,988157666666667;0,0118313374992257;0,711785341331588;2,6827605204934E-05;0,0207523626348063;0,999973172394795;0,988168662500774
Simplexn;4;1000;100;False;True;True;False;7;---;0,993390621539044;0;0;NaN;NaN;0,187869578344508;0,993324353013678;68;0;212;99788;0;0,997879;0,00212100000000001;1;0;NaN;1;0,997879
Simplexn;4;1000;100;False;True;True;True;9;---;0,931219181345728;0;0;NaN;NaN;0,532002327176003;0,917073584146449;92;0;577;99423;0;0,994231;0,00576899999999999;1;0;NaN;1;0,994231
Simplexn;5;100;1000;False;True;False;False;9;---;0;0;0;0;NaN;1,56497118137891;0;0;0;183;99807;10;0,998073666666667;0,00182784643605322;1;9,88467533283632E-05;1;0,999901153246672;0,998172153563947
Simplexn;5;100;1000;False;True;False;True;15;---;0,146806552313901;0,000422391716467955;0,000422391716467955;1;0,000844393764318646;1,52668756904936;0;0;10;23577;76413;0;0,764225333333333;0,235798004520946;0,999577608283532;0;0;1;0,764201995479054
Simplexn;5;100;1000;False;True;True;False;14;---;0,389582683816988;0;0;NaN;NaN;1,490684306507;0;0;0;937;99063;0;0,99063;0,00937000000000001;1;0;NaN;1;0,99063
Simplexn;5;100;1000;False;True;True;True;14;---;0,389610288720716;0;0;NaN;NaN;1,49030627505176;0;0;0;936;99064;0;0,990638666666667;0,00936133333333334;1;0;NaN;1;0,990638666666667
Simplexn;5;200;500;False;True;False;False;9;---;0;0;0;0;NaN;1,56422424611162;0;0;0;183;99807;10;0,998073666666667;0,00182784643605322;1;9,88467533283632E-05;1;0,999901153246672;0,998172153563947
Simplexn;5;200;500;False;True;False;True;15;---;0,146806552313901;0,000422391716467955;0,000422391716467955;1;0,000844393764318646;1,52729638624271;0;0;10;23577;76413;0;0,764225333333333;0,235798004520946;0,999577608283532;0;0;1;0,764201995479054
Simplexn;5;200;500;False;True;True;False;14;---;0,389582683816988;0,000155038759689922;0,000155763239875389;NaN;NaN;1,49219785736557;0;0;0;937;99063;0;0,99063;0,00936868938848442;0,999844236760125;1,34484520831757E-06;NaN;0,999998655154792;0,990631310611516
Simplexn;5;200;500;False;True;True;True;14;---;0,389610288720716;0,00015343306482547;0,000154142581888247;NaN;NaN;1,49181624259516;0;0;0;936;99064;0;0,990638666666667;0,00936002296183696;0,999845857418112;1,34496730048358E-06;NaN;0,999998655032699;0,990639977038163
Simplexn;5;500;200;False;True;False;False;9;---;0;0;0;0;NaN;1,56497118137891;0;0;0;183;99807;10;0,998073666666667;0,00182784643605322;1;9,88467533283632E-05;1;0,999901153246672;0,998172153563947
Simplexn;5;500;200;False;True;False;True;15;---;0,146806552313901;0,000422391716467955;0,000422391716467955;1;0,000844393764318646;1,52668756904936;0;0;10;23577;76413;0;0,764225333333333;0,235798004520946;0,999577608283532;0;0;1;0,764201995479054
Simplexn;5;500;200;False;True;True;False;14;---;0,389582683816988;0;0;NaN;NaN;1,490684306507;0;0;0;937;99063;0;0,99063;0,00937000000000001;1;0;NaN;1;0,99063
Simplexn;5;500;200;False;True;True;True;14;---;0,389610288720716;0;0;NaN;NaN;1,49030627505176;0;0;0;936;99064;0;0,990638666666667;0,00936133333333334;1;0;NaN;1;0,990638666666667
Simplexn;5;1000;100;False;True;False;False;8;---;0,0333333333333333;0,0016359918200409;0,0016359918200409;0,0333333333333333;NaN;1,52614329732879;0,0333333333333333;2;0;182;99808;10;0,998083333333333;0,00182084587600842;0,998364008179959;9,61753850535318E-05;0,966666666666667;0,999903824614946;0,998179154123992
Simplexn;5;1000;100;False;True;False;True;15;---;0,146806552313901;0,000422391716467955;0,000422391716467955;1;0,000844393764318646;1,52668756904936;0;0;10;23577;76413;0;0,764225333333333;0,235798004520946;0,999577608283532;0;0;1;0,764201995479054
Simplexn;5;1000;100;False;True;True;False;14;---;0,410002109865553;0;0;NaN;NaN;1,45654705388902;0,0333333333333333;3;0;912;99088;0;0,990878666666667;0,00912133333333334;1;0;NaN;1;0,990878666666667
Simplexn;5;1000;100;False;True;True;True;14;---;0,389610288720716;0;0;NaN;NaN;1,49030627505176;0;0;0;936;99064;0;0,990638666666667;0,00936133333333334;1;0;NaN;1;0,990638666666667
Cuben;2;100;1000;False;True;False;False;3;---;0,507111247927846;0,38967216009418;0,422156448866092;0,879986775188025;0,557076380451602;0,472878879738561;0,311549630211463;173;9787;15076;73803;1334;0,835903666666667;0,169637106916347;0,577843551133908;0,0165856097841347;0,120013224811975;0,983414390215865;0,830362893083653
Cuben;2;100;1000;False;True;False;True;3;---;0,419332623546287;0,32926610374372;0,431876967576134;0,690607732981976;0,492092144137535;0,401088291338311;0,207726643664291;64;7686;13495;75384;3435;0,830697;0,151867993863187;0,568123032423866;0,0413494219960623;0,309392267018024;0,958650578003937;0,848132006136813
Cuben;2;100;1000;False;True;True;False;3;---;0,491102345139939;0;0;NaN;NaN;0,788460114248578;0,313730644816232;147;0;28752;71220;28;0,7122;0,287619569502892;1;0,000419958490097028;NaN;0,999580041509903;0,712380430497108
Cuben;2;100;1000;False;True;True;True;3;---;0,426115921301349;0;0;NaN;NaN;0,542762952473282;0,20361679862981;45;0;23402;76570;28;0,765701333333333;0,234108817817958;1;0,000400998515777762;NaN;0,999599001484222;0,765891182182042
Cuben;2;200;500;False;True;False;False;4;---;0,849873216788879;0,897887051442395;0,918421092787993;0,971497053053992;0,943447775138704;0,11845048658468;0,845264274040287;411;10803;1018;87861;317;0,986649;0,0114489366205949;0,0815789072120063;0,00362618532813896;0,0285029469460083;0,996373814671861;0,988551063379405
Cuben;2;200;500;False;True;False;True;4;---;0,881605534475635;0,972015966713296;0,978534664521312;0,993218300593277;0,985767248248701;0,0127453715475615;0,87887884363352;313;11046;245;88634;75;0,996799;0,00275496574437712;0,0214653354786881;0,000848062097598749;0,00678169940672294;0,999151937902401;0,997245034255623
Cuben;2;200;500;False;True;True;False;4;---;0,85570928124135;0;0;NaN;NaN;0,401783311734179;0,85271704225512;398;0;11744;88229;28;0,882289;0,117468284753379;1;0,000312801369337438;NaN;0,999687198630663;0,882531715246621
Cuben;2;200;500;False;True;True;True;4;---;0,881994730303635;0;0;NaN;NaN;0,336151426071354;0,880001756169549;248;0;11260;88712;28;0,887121333333333;0,112634759772076;1;0,000311284871768813;NaN;0,999688715128231;0,887365240227924
Cuben;2;500;200;False;True;False;False;4;---;0,858846682597441;0,918158373569349;0,934974128121567;0,977971367054793;0,955240105527851;0,0723033039448705;0,85546516790427;146;10876;809;88070;245;0,989458;0,00910574412394629;0,0650258718784326;0,00279343195505665;0,0220286329452069;0,997206568044943;0,990894255876054
Cuben;2;500;200;False;True;False;True;4;---;0,87843562100757;0,966452149708099;0,975708678448267;0,989726240729279;0,982628290249291;0,0192679634596443;0,876369921865449;103;11007;275;88604;114;0,996112666666667;0,00309457982157627;0,0242913215517329;0,00127962953895138;0,010273759270721;0,998720370461049;0,996905420178424
Cuben;2;500;200;False;True;True;False;4;---;0,862088634460864;0,0318365659965164;0,0321987340260361;NaN;NaN;0,382837416036026;0,85845471938326;170;359;11296;88313;32;0,886722666666667;0,113013407484217;0,967801265973964;0,000367797624509662;NaN;0,99963220237549;0,886986592515784
Cuben;2;500;200;False;True;True;True;4;---;0,88238672539018;0,032753150213036;0,0329683365270554;NaN;NaN;0,326483084877324;0,880827256772088;114;361;10857;88752;30;0,891132;0,108604951406017;0,967031663472945;0,00033818734530772;NaN;0,999661812654692;0,891395048593983
Cuben;2;1000;100;False;True;False;False;4;---;0,858302806811982;0,91569167464089;0,936994427459722;0,972345349043217;0,953935047402259;0,106301137508695;0,856500222242186;84;10813;760;88119;307;0,989324;0,00855483332024001;0,0630055725402781;0,00349238260452182;0,0276546509567834;0,996507617395478;0,99144516667976
Cuben;2;1000;100;False;True;False;True;4;---;0,882227314331038;0,973683496253132;0,982313178729238;0,991047102073342;0,986637116658264;0,0153327813612415;0,880674400384225;65;11021;199;88680;100;0,997014333333333;0,00223929600936895;0,0176868212707618;0,00112052875707523;0,00895289792665819;0,998879471242925;0,997760703990631
Cuben;2;1000;100;False;True;True;False;4;---;0,855575589043317;0,0320754158527201;0,0322875700154928;NaN;NaN;0,378943941512498;0,852644362763373;79;361;11322;88286;30;0,886474666666667;0,113272307707086;0,967712429984507;0,000340626783825119;NaN;0,999659373216175;0,886727692292914
Cuben;2;1000;100;False;True;True;True;4;---;0,882086873541842;0,0319122017241887;0,0320963541666667;NaN;NaN;0,328320857008044;0,880886383719346;62;362;10913;88696;30;0,890570333333333;0,109181064803983;0,967903645833333;0,000335584351160593;NaN;0,999664415648839;0,890818935196017
Cuben;3;100;1000;False;True;False;False;4;---;0,283741698069937;0,131265537690383;0,139933083569673;0,791484442902126;0,230593068613111;0,806487760255594;0,00873129271058835;203;2936;20674;75618;772;0,785538333333333;0,21470488585136;0,860066916430327;0,00939230102071748;0,208515557097874;0,990607698979283;0,78529511414864
Cuben;3;100;1000;False;True;False;True;5;---;0,165578326644845;0,0991138444859434;0,185740922388378;0,301688501443599;0,178018241630492;0,505775642689943;0,049252428532622;78;1118;10815;85477;2590;0,865947;0,112313488224248;0,814259077611622;0,0284817978887496;0,698311498556401;0,97151820211125;0,887686511775752
Cuben;3;100;1000;False;True;True;False;4;---;0,286494507030516;0;0;NaN;NaN;0,996737382110266;0,0125537214657528;151;0;23934;76066;0;0,760655333333333;0,239344666666667;1;0;NaN;1;0,760655333333333
Cuben;3;100;1000;False;True;True;True;7;---;0,194793948863149;0;0;NaN;NaN;0,966602197540253;0,0519793974714814;9;0;34291;65709;0;0,657091;0,342909;1;0;NaN;1;0,657091
Cuben;3;200;500;False;True;False;False;7;---;0,82041283475022;0,711478398144855;0,746364300511479;0,933294336769702;0,827847496765751;0,342651567307802;0,817136294394828;475;3461;1219;95072;247;0,985332;0,0126637345765244;0,253635699488521;0,00259757472599771;0,0667056632302975;0,997402425274002;0,987336265423476
Cuben;3;200;500;False;True;False;True;7;---;0,872064270106445;0,873676961083885;0,918529442941731;0,947490995398884;0,927957430865422;0,0606741924243087;0,869984227865144;456;3514;313;95979;194;0,994926666666667;0,0032529395507664;0,0814705570582685;0,001995675002488;0,0525090046011163;0,998004324997512;0,996747060449234
Cuben;3;200;500;False;True;True;False;7;---;0,832405244388252;0;0;NaN;NaN;0,509816514210397;0,830068183483686;458;0;4583;95417;0;0,954172333333333;0,0458276666666667;1;0;NaN;1;0,954172333333333
Cuben;3;200;500;False;True;True;True;6;---;0,820248379043467;0;0;NaN;NaN;0,26205070033764;0,818195433658245;440;0;3544;96456;0;0,964563333333333;0,0354366666666667;1;0;NaN;1;0,964563333333333
Cuben;3;500;200;False;True;False;False;7;---;0,847357909846468;0,772571473350131;0,802784258163434;0,948058918400605;0,866990102834358;0,299539314945948;0,845036516941365;188;3515;927;95365;193;0,988804;0,00962453702635482;0,197215741836566;0,00202284669737727;0,0519410815993947;0,997977153302623;0,990375462973645
Cuben;3;500;200;False;True;False;True;6;---;0,901729392207049;0,911288084474133;0,925736113644906;0,983059043568011;0,953302981364799;0,0473280508703108;0,8994828097078;176;3645;296;95996;63;0,996410666666667;0,00307496340248053;0,074263886355094;0,000654111441802596;0,0169409564319892;0,999345888558197;0,996925036597519
Cuben;3;500;200;False;True;True;False;7;---;0,836861429837624;0;0;NaN;NaN;0,485696578337264;0,834080663197232;185;0;4464;95536;0;0,95536;0,04464;1;0;NaN;1;0,95536
Cuben;3;500;200;False;True;True;True;6;---;0,902074697908884;0;0;NaN;NaN;0,251104224969992;0,900181551474911;173;0;3921;96079;0;0,960793;0,039207;1;0;NaN;1;0,960793
Cuben;3;1000;100;False;True;False;False;7;---;0,841658888394477;0,75411272280441;0,784860110188691;0,947435843554748;0,857506159230137;0,311267524501841;0,840210863200374;95;3513;988;95303;195;0,988166333333333;0,0102639789294076;0,215139889811309;0,00204385022176616;0,0525641564452519;0,997956149778234;0,989736021070593
Cuben;3;1000;100;False;True;False;True;6;---;0,898803028929772;0,90217794238583;0,917708317367201;0,981626007740935;0,9484011359809;0,0451827973970129;0,89706269528502;90;3640;329;95963;68;0,996027666666667;0,00341731922726788;0,0822916826327988;0,000709720743819612;0,0183739922590655;0,999290279256181;0,996582680772732
Cuben;3;1000;100;False;True;True;False;7;---;0,846966527328217;0;0;NaN;NaN;0,446285497090748;0,845695650194465;96;0;4483;95517;0;0,955168333333333;0,0448316666666667;1;0;NaN;1;0,955168333333333
Cuben;3;1000;100;False;True;True;True;6;---;0,900191060851855;0;0;NaN;NaN;0,24833543419213;0,898508026647847;90;0;3966;96034;0;0,960336666666667;0,0396633333333333;1;0;NaN;1;0,960336666666667
Cuben;4;100;1000;False;True;False;False;7;---;0,0433594649224524;0,010801507579418;0,0156578163467247;0,18086288060161;NaN;1,22708353369816;0;109;218;7242;91536;1004;0,917542;0,0733047267216861;0,984342183653275;0,0103916710758868;0,819137119398391;0,989608328924113;0,926695273278314
Cuben;4;100;1000;False;True;False;True;9;---;0,0716647100744702;0,0170502756376162;0,0176330363386847;0,409600578445419;0,0334973926840507;1,15415743947766;0,00150976872031364;3;501;29104;69674;722;0,701746;0,294640719985332;0,982366963661315;0,010235191357185;0,590399421554581;0,989764808642815;0,705359280014668
Cuben;4;100;1000;False;True;True;False;11;---;0,1280388337199;0;0;NaN;NaN;1,01680044632616;0;71;0;35498;64502;0;0,645023666666667;0,354976333333333;1;0;NaN;1;0,645023666666667
Cuben;4;100;1000;False;True;True;True;12;---;0,118780076262793;0;0;NaN;NaN;0,915957542450959;0,00150976872031364;0;0;37184;62816;0;0,628163666666667;0,371836333333333;1;0;NaN;1;0,628163666666667
Cuben;4;200;500;False;True;False;False;8;---;0,169071143795645;0,0934032187919451;0,0973877848756511;0,232999415304048;NaN;1,09932587407199;0,135907243078399;106;283;3017;95760;939;0,960435666666667;0,0305419598051877;0,902612215124349;0,00968163120616394;0,767000584695952;0,990318368793836;0,969458040194812
Cuben;4;200;500;False;True;False;True;10;---;0,36408312833809;0,301943463713544;0,580896148028009;0,399090403917279;0,456591596442914;0,178264821987415;0,36379725082869;471;487;437;98340;736;0,988269333333333;0,00442594572119641;0,419103851971991;0,00742528399308945;0,600909596082721;0,992574716006911;0,995574054278804
Cuben;4;200;500;False;True;True;False;11;---;0,240956930379711;0;0;NaN;NaN;0,918063413932274;0,137102340032456;93;0;28103;71897;0;0,718970666666667;0,281029333333333;1;0;NaN;1;0,718970666666667
Cuben;4;200;500;False;True;True;True;10;---;0,383428678368903;0;0;NaN;NaN;0,310669202871169;0,382041249531425;471;0;2158;97842;0;0,978416333333333;0,0215836666666667;1;0;NaN;1;0,978416333333333
Cuben;4;500;200;False;True;False;False;9;---;0,565338441420603;0,344395740653279;0,362796002409198;0,639055854984431;NaN;0,784233469634006;0,554169668987286;136;776;1348;97429;447;0,982049333333333;0,0136513015029034;0,637203997590802;0,00454759980057291;0,360944145015569;0,995452400199427;0,986348698497097
Cuben;4;500;200;False;True;False;True;11;---;0,605355790505154;0,482259639295139;0,674175193719655;0,642362566515827;0,640402558634823;0,154018031364471;0,604412625406776;193;784;390;98387;439;0,991708;0,00395165248977208;0,325824806280345;0,00443133453738491;0,357637433484173;0,995568665462615;0,996048347510228
Cuben;4;500;200;False;True;True;False;10;---;0,593219939853177;0;0;NaN;NaN;0,760498604721641;0,553519069315335;136;0;12553;87447;0;0,87447;0,12553;1;0;NaN;1;0,87447
Cuben;4;500;200;False;True;True;True;11;---;0,53189868486659;0;0;NaN;NaN;0,252505290074854;0,531101676957335;193;0;1171;98829;0;0,988287333333333;0,0117126666666667;1;0;NaN;1;0,988287333333333
Cuben;4;1000;100;False;True;False;False;9;---;0,728268278366133;0,468611033545488;0,490004615904983;0,824101539813743;NaN;0,615171118157291;0,727634267907244;88;1006;1104;97674;217;0,986795;0,011171449408708;0,509995384095017;0,00220529792682053;0,175898460186257;0,997794702073179;0,988828550591292
Cuben;4;1000;100;False;True;False;True;11;---;0,691274020708633;0,527129780783827;0,67148277883617;0,735749911056624;0,680481800225409;0,170737076113706;0,690382616875696;98;899;475;98302;324;0,992008333333333;0,00481279008928572;0,32851722116383;0,00327145730487682;0,264250088943376;0,996728542695123;0,995187209910714
Cuben;4;1000;100;False;True;True;False;10;---;0,719774748613481;0;0;NaN;NaN;0,736584249819667;0,701988216719134;84;0;6732;93268;0;0,932675666666667;0,0673243333333333;1;0;NaN;1;0,932675666666667
Cuben;4;1000;100;False;True;True;True;11;---;0,651177075494031;0;0;NaN;NaN;0,267253968785351;0,64884097357673;98;0;1310;98690;0;0,986899;0,013101;1;0;NaN;1;0,986899
Cuben;5;100;1000;False;True;False;False;11;---;0;0;0;0;NaN;1,30928437368992;0;0;0;414;99175;411;0,991745333333333;0,00416178406789549;1;0,00412712109650842;1;0,995872878903492;0,995838215932105
Cuben;5;100;1000;False;True;False;True;15;---;0,0482392370979233;0,00573963646430066;0,00580031139773663;0,357131650827142;0,0114127917671887;0,970188517437966;0;0;147;25157;74432;264;0,745787666666667;0,252606298081402;0,994199688602263;0,00353653863391887;0,642868349172858;0,996463461366081;0,747393701918598
Cuben;5;100;1000;False;True;True;False;18;---;0,0836828957450422;0;0;NaN;NaN;0,822067565776;0;0;0;34023;65977;0;0,659772;0,340228;1;0;NaN;1;0,659772
Cuben;5;100;1000;False;True;True;True;19;---;0,085269341313161;0;0;NaN;NaN;0,785872324756981;0;0;0;31683;68317;0;0,683165333333333;0,316834666666667;1;0;NaN;1;0,683165333333333
Cuben;5;200;500;False;True;False;False;11;---;0;0;0;0;NaN;1,30280728877391;0;0;0;414;99175;411;0,991745333333333;0,00416178406789549;1;0,00412712109650842;1;0,995872878903492;0,995838215932105
Cuben;5;200;500;False;True;False;True;15;---;0,0482392370979233;0,00573963646430066;0,00580031139773663;0,357131650827142;0,0114127917671887;0,969758939863515;0;0;147;25157;74432;264;0,745787666666667;0,252606298081402;0,994199688602263;0,00353653863391887;0,642868349172858;0,996463461366081;0,747393701918598
Cuben;5;200;500;False;True;True;False;18;---;0,0836828957450422;0,000345291742260198;0,000345970035476588;NaN;NaN;0,828065156308206;0;0;12;34011;65975;2;0,659867666666667;0,340157566966931;0,999654029964523;3,38933321192429E-05;NaN;0,999966106667881;0,659842433033069
Cuben;5;200;500;False;True;True;True;19;---;0,085269341313161;0,000344701136780345;0,000345700805934706;NaN;NaN;0,786261088815998;0;0;11;31672;68313;3;0,683244333333333;0,316769242507624;0,999654299194065;4,49150763312201E-05;NaN;0,999955084923669;0,683230757492376
Cuben;5;500;200;False;True;False;False;11;---;0,0225606316976875;0,00797498045347928;0,00868824531516184;0,0248175182481752;NaN;1,29518629208763;0,0225423728813559;6;10;429;99160;401;0,991706333333333;0,00430336596951113;0,991311754684838;0,00402492450271149;0,975182481751825;0,995975075497288;0,995696634030489
Cuben;5;500;200;False;True;False;True;15;---;0,0482392370979233;0,00573963646430066;0,00580031139773663;0,357131650827142;0,0114127917671887;0,970188517437966;0;0;147;25157;74432;264;0,745787666666667;0,252606298081402;0,994199688602263;0,00353653863391887;0,642868349172858;0,996463461366081;0,747393701918598
Cuben;5;500;200;False;True;True;False;17;---;0,103420839910454;0;0;NaN;NaN;0,824028944513317;0,0223976608187134;7;0;32874;67126;0;0,671257666666667;0,328742333333333;1;0;NaN;1;0,671257666666667
Cuben;5;500;200;False;True;True;True;19;---;0,085269341313161;0;0;NaN;NaN;0,785872324756981;0;0;0;31683;68317;0;0,683165333333333;0,316834666666667;1;0;NaN;1;0,683165333333333
Cuben;5;1000;100;False;True;False;False;11;---;0;0;0;0;NaN;1,30928437368992;0;0;0;414;99175;411;0,991745333333333;0,00416178406789549;1;0,00412712109650842;1;0,995872878903492;0,995838215932105
Cuben;5;1000;100;False;True;False;True;14;---;0,0615902355053629;0,0161092741256057;0,0256086170854546;0,320478162071188;0,0301395033095811;0,851129276916911;0,0208569828241693;16;132;20940;78649;279;0,787804666666666;0,210270357281664;0,974391382914545;0,00353909813122083;0,679521837928812;0,996460901868779;0,789729642718336
Cuben;5;1000;100;False;True;True;False;18;---;0,0836828957450422;0;0;NaN;NaN;0,822067565776;0;0;0;34023;65977;0;0,659772;0,340228;1;0;NaN;1;0,659772
Cuben;5;1000;100;False;True;True;True;18;---;0,0918624948425552;0;0;NaN;NaN;0,754999289020455;0,0178339318001424;7;0;29553;70447;0;0,704471666666667;0,295528333333333;1;0;NaN;1;0,704471666666667
Balln;2;100;1000;False;True;False;False;3;---;0,458434634704528;0,492414906747529;0,618646692451255;0,739984166677052;0,658429756978789;NaN;0,282126163035684;175;14526;10111;70259;5104;0,847847;0,125810042342145;0,381353307548745;0,0655601761632528;0,260015833322948;0,934439823836747;0,874189957657855
Balln;2;100;1000;False;True;False;True;3;---;0,3808572069744;0,400362432320581;0,516491214469329;0,709366784027315;0,569413688014933;NaN;0,19628471241434;54;13926;15874;64496;5704;0,784218666666667;0,197503437471228;0,483508785530671;0,0753531261548274;0,290633215972685;0,924646873845173;0,802496562528772
Balln;2;100;1000;False;True;True;False;3;---;0,457989369031382;0,0641573555062333;0,0766708348162473;0,287166344723358;0,119225234276168;NaN;0,273135557580883;111;1907;23908;69414;4771;0,713208666666667;0,256216745466446;0,923329165183753;0,0644784941455712;0,712833655276643;0,935521505854429;0,743783254533555
Balln;2;100;1000;False;True;True;True;3;---;0,377963637287656;0,111742056437816;0,12614206124161;0,463460808746;NaN;NaN;0,197389781478674;55;3072;24828;68494;3606;0,715658;0,266026082202731;0,87385793875839;0,0494675559647201;0,536539191254;0,95053244403528;0,733973917797269
Balln;2;100;1000;True;True;False;False;3;---;0,476915960694917;0,523697694219362;0,737547941245535;0,677679633541725;0,684978921396629;NaN;0,278342014795716;111;13283;6035;74365;6317;0,876479666666667;0,0750522109521573;0,262452058754465;0,0765409189438671;0,322320366458275;0,923459081056133;0,924947789047843
Balln;2;100;1000;True;True;False;True;2;---;0,474769067917265;0,201038825566424;NaN;0,307993186985094;NaN;NaN;0,201128250148835;136;6037;8884;71516;13563;0,775534;0,110465581217424;NaN;NaN;0,692006813014906;NaN;0,889534418782576
Balln;2;100;1000;True;True;True;False;3;---;0,491272301165639;0,546815587963825;0,75359514527102;0,695140337563679;0,704308196790297;NaN;0,275117107369231;94;13626;5621;74779;5973;0,884057;0,0699176315727099;0,24640485472898;0,0725299093857549;0,304859662436321;0,927470090614245;0,93008236842729
Balln;2;100;1000;True;True;True;True;2;---;0,528718225461175;0,219939965973471;NaN;0,322505463980893;NaN;NaN;0,213750373236789;44;6318;8158;72242;13282;0,785600666666667;0,101479548386068;NaN;0,15328597677825;0,677494536019107;0,84671402322175;0,898520451613932
Balln;2;200;500;False;True;False;False;4;---;0,730836717419239;0,820290613016441;0,870914793362067;0,934514761204396;0,901240216270615;NaN;0,728010922312367;420;18344;2735;77635;1286;0,959794333333333;0,0340257455593325;0,129085206637933;0,0162454222088413;0,0654852387956039;0,983754577791159;0,965974254440667
Balln;2;200;500;False;True;False;True;4;---;0,732294432167957;0,82101782699667;0,879039624373398;0,92648814778156;0,901687463546822;NaN;0,729265048252102;390;18187;2520;77850;1443;0,960363666666667;0,0313555043865594;0,120960375626602;0,0181407946553386;0,0735118522184399;0,981859205344662;0,968644495613441
Balln;2;200;500;False;True;True;False;4;---;0,72989446957582;0,145726639251299;0,167305604671189;0,529678816715702;0,254092658514109;NaN;0,727091534867084;399;3527;17556;75766;3151;0,792938333333333;0,188114432126923;0,832694395328811;0,0399006376555641;0,470321183284298;0,960099362344436;0,811885567873077
Balln;2;200;500;False;True;True;True;4;---;0,732232172218396;0,153890716091741;0,175649459573771;0,551332065527779;0,266229939833704;NaN;0,728717324897272;371;3670;17186;76136;3008;0,798054;0,184167491827958;0,824350540426229;0,0379743926381437;0,448667934472221;0,962025607361856;0,815832508172042
Balln;2;200;500;True;True;False;False;3;---;0,784278720969603;0,94057442442737;0,968289107968169;0,969987353351517;0,968945609868063;NaN;0,782511073907222;357;19012;634;79766;588;0,987777333333333;0,00788948756058184;0,0317108920318313;0,00730460325773657;0,0300126466484833;0,992695396742263;0,992110512439418
Balln;2;200;500;True;True;False;True;1;---;0,792550432379702;0,21999903944658;0,733459046629868;0,239346266606302;0,3602549408525;NaN;0,791610089140085;286;4691;1719;78681;14908;0,833727666666667;0,0213784417762364;0,266540953370132;0,159272609084516;0,760653733393698;0,840727390915483;0,978621558223763
Balln;2;200;500;True;True;True;False;3;---;0,78570243432216;0,949217006719836;0,973584029279284;0,973900868581902;0,973655074956317;NaN;0,784024204837185;369;19087;524;79877;512;0,989642666666667;0,0065134913169436;0,0264159707207165;0,00636753841357689;0,0260991314180983;0,993632461586423;0,993486508683056
Balln;2;200;500;True;True;True;True;1;---;0,794256129826564;0,220389982091916;0,728396031926076;0,240328696493417;0,360738065741571;NaN;0,792852147988345;288;4710;1767;78633;14889;0,833437333333333;0,021978753139442;0,271603968073924;0,159180332767064;0,759671303506584;0,840819667232936;0,978021246860558
Balln;2;500;200;False;True;False;False;4;---;0,729897420577971;0,821195699542251;0,875564562187562;0,93035761536445;0,901776291542728;NaN;0,727475131322011;156;18262;2609;77761;1368;0,960235333333334;0,0324564920851582;0,124435437812438;0,0172349020253797;0,0696423846355499;0,98276509797462;0,967543507914842
Balln;2;500;200;False;True;False;True;4;---;0,734610135197039;0,820885466410348;0,876529934115416;0,929214302784328;0,90160094788516;NaN;0,732219402183425;153;18240;2590;77780;1390;0,960195666666667;0,0322263084544006;0,123470065884584;0,0174926982466369;0,0707856972156717;0,982507301753363;0,9677736915456
Balln;2;500;200;False;True;True;False;4;---;0,732095403586587;0,172617822788298;0,195175884223827;0,550685382593277;0,281934276962933;NaN;0,72965489575146;147;4066;16729;76166;3038;0,802321333333333;0,17944764699555;0,804824115776173;0,0383481066801244;0,449314617406723;0,961651893319876;0,82055235300445
Balln;2;500;200;False;True;True;True;4;---;0,733888129410964;0,170955217615702;0,193274543258164;0,549145078627264;0,279667059526158;NaN;0,731216441123078;146;4059;16901;75994;3046;0,800531666666667;0,181287097979955;0,806725456741836;0,038511889338942;0,450854921372736;0,961488110661058;0,818712902020045
Balln;2;500;200;True;True;False;False;3;---;0,79202667610535;0,961876849385748;0,984448746161371;0,976467006894758;0,980343268975899;NaN;0,791120712260998;160;19138;307;80094;462;0,992317333333334;0,00381602859895525;0,0155512538386294;0,00571964082218085;0,0235329931052419;0,994280359177819;0,996183971401045
Balln;2;500;200;True;True;False;True;1;---;0,795886267369037;0,215922056211803;0,742904439320417;0,233667428732719;0,35499805160066;NaN;0,7950807531865;116;4580;1613;78787;15020;0,833667666666667;0,020067321960599;0,257095560679583;0,160109713162235;0,766332571267281;0,839890286837765;0,979932678039401
Balln;2;500;200;True;True;True;False;3;---;0,79082228376378;0,964137107517803;0,982552862477205;0,980765773787312;0,981579367220848;NaN;0,7896660969469;147;19223;345;80055;376;0,992786;0,0042892048384213;0,017447137522795;0,00467203492392982;0,0192342262126882;0,99532796507607;0,995710795161579
Balln;2;500;200;True;True;True;True;1;---;0,795128980955879;0,232557195731078;0,73585756778051;0,254486105548072;0,372751454479198;NaN;0,794335748651641;119;4987;1761;78640;14613;0,836268;0,0218968708214599;0,26414243221949;0,156316754496921;0,745513894451928;0,843683245503078;0,97810312917854
Balln;2;1000;100;False;True;False;False;4;---;0,732355163402066;0,822486214100308;0,875495829699655;0,932621109567375;0,90258102955872;NaN;0,730523900640972;83;18307;2628;77742;1323;0,960486333333333;0,0326964431388294;0,124504170300345;0,0166630916127114;0,0673788904326249;0,983336908387288;0,967303556861171
Balln;2;1000;100;False;True;False;True;4;---;0,734363960910951;0,822898436338765;0,879177638863513;0,928615706089552;0,902838590505807;NaN;0,732356363354656;83;18228;2522;77848;1402;0,960765333333333;0,0313745090727884;0,120822361136488;0,0176390500053449;0,0713842939104484;0,982360949994655;0,968625490927212
Balln;2;1000;100;False;True;True;False;4;---;0,731408019347048;0,166567478705072;0,188963703834764;0,532634245427143;0,272695379235019;NaN;0,72968645307519;79;3947;16893;76002;3158;0,79949;0,181197797223946;0,811036296165236;0,0398763787327366;0,467365754572857;0,960123621267263;0,818802202776054
Balln;2;1000;100;False;True;True;True;4;---;0,733056078899366;0,174913321004337;0,197412107334168;0,559801886535031;0,285469368734441;NaN;0,730699390561581;82;4131;16732;76163;2974;0,80294;0,179462011438779;0,802587892665833;0,0375328938784381;0,440198113464969;0,962467106121562;0,820537988561222
Balln;2;1000;100;True;True;False;False;3;---;0,792416764902047;0,968494654251365;0,988156104842552;0,979708753317517;0,983791028600389;NaN;0,791331753650233;70;19202;231;80170;397;0,993718333333333;0,00286924472073222;0,0118438951574481;0,00490669037535453;0,0202912466824826;0,995093309624645;0,997130755279268
Balln;2;1000;100;True;True;False;True;1;---;0,794455775528512;0,216992122450238;0,733728416984669;0,23565731794197;0,356474443033947;NaN;0,793680143034626;66;4619;1691;78709;14981;0,833277333333333;0,0210359813852772;0,266271583015331;0,159896017178224;0,76434268205803;0,840103982821776;0,978964018614723
Balln;2;1000;100;True;True;True;False;2;---;0,792274360955027;0,97040259299103;0,987674109070265;0,98204916455819;0,984789707872192;NaN;0,791404664690644;70;19248;242;80158;352;0,994063;0,00300912821838175;0,0123258909297346;0,00435931502240384;0,0179508354418097;0,995640684977596;0,996990871781618
Balln;2;1000;100;True;True;True;True;1;---;0,79545592969102;0,215825194605371;0,753320553010606;0,232708357505758;0,354847483797839;NaN;0,794666728067937;64;4561;1533;78868;15039;0,834287333333333;0,019063036933077;0,246679446989394;0,160137609806605;0,767291642494242;0,839862390193394;0,980936963066923
Balln;3;100;1000;False;True;False;False;4;---;0,297413577444371;0,219317427425394;0,269810342490207;0,623803148220799;0,355754718620539;NaN;0,0550141555340587;305;4077;13866;79599;2458;0,836762666666667;0,148349541485558;0,730189657509793;0,0296536737779198;0,376196851779201;0,97034632622208;0,851650458514442
Balln;3;100;1000;False;True;False;True;5;---;0,139191469988263;0,110137350686006;0,187337689117909;0,289041662249763;0,197688936158188;NaN;0,0392597973629701;131;1889;11724;81741;4646;0,836303333333333;0,125433476707282;0,812662310882091;0,0531214383281532;0,710958337750237;0,946878561671847;0,874566523292718
Balln;3;100;1000;False;True;True;False;4;---;0,313336644715837;0;0;NaN;NaN;NaN;0,0292652673779735;249;0;16373;83627;0;0,836271;0,163729;1;0;NaN;1;0,836271
Balln;3;100;1000;False;True;True;True;7;---;0,176033671770531;0;0;NaN;NaN;NaN;0,0455654432837996;11;0;42348;57652;0;0,576524333333333;0,423475666666667;1;0;NaN;1;0,576524333333333
Balln;3;100;1000;True;True;False;False;5;---;0,291735677756031;0,225628623122481;0,295735550154958;0,597423081754089;0,364848052622749;NaN;0,0504259175181072;242;3903;11785;81678;2634;0,85581;0,126075235845804;0,704264449845042;0,0306085851560757;0,402576918245911;0,969391414843924;0,873924764154197
Balln;3;100;1000;True;True;False;True;2;---;0,246575525053889;0,00906169993349082;NaN;0,103761143218206;NaN;NaN;0,0373736564346137;60;672;10976;82487;5865;0,831592333333333;0,117374867630644;NaN;NaN;0,896238856781794;NaN;0,882625132369356
Balln;3;100;1000;True;True;True;False;5;---;0,282933446406488;0,216780108905544;0,293039005582497;0,566954631831936;0,35346244966112;NaN;0,0428952552502406;209;3703;12033;81430;2834;0,851331;0,128737706518477;0,706960994417503;0,0325804536500698;0,433045368168064;0,96741954634993;0,871262293481523
Balln;3;100;1000;True;True;True;True;3;---;0,403790421810425;0,00291648804061436;NaN;0,00611576833207302;NaN;NaN;0,0430431221747733;0;40;2524;90939;6497;0,90979;0,0270060923673447;NaN;0,0667038530679747;0,993884231667927;0,933296146932025;0,972993907632655
Balln;3;200;500;False;True;False;False;8;---;0,74417499312413;0,705270935299523;0,778859632630058;0,881841609448566;0,826865736719826;NaN;0,741644743118882;474;5763;1640;91824;772;0,975875;0,0175518958725197;0,221140367369942;0,00833343414953894;0,118158390551434;0,991666565850461;0,982448104127481
Balln;3;200;500;False;True;False;True;8;---;0,735831243281677;0,698006260958012;0,78742801613345;0,860956409869994;0,817677526835616;NaN;0,733721589160477;476;5626;1510;91955;909;0,975812;0,0161561099559355;0,21257198386655;0,00969341338051846;0,139043590130006;0,990306586619482;0,983843890044064
Balln;3;200;500;False;True;True;False;8;---;0,747239141840075;0;0;NaN;NaN;NaN;0,744470407429641;463;0;7551;92449;0;0,924488;0,075512;1;0;NaN;1;0,924488
Balln;3;200;500;False;True;True;True;8;---;0,764435733082298;0;0;NaN;NaN;NaN;0,761454937054362;474;0;7291;92709;0;0,927088333333333;0,0729116666666667;1;0;NaN;1;0,927088333333333
Balln;3;200;500;True;True;False;False;7;---;0,793943883320704;0,798339686020038;0,853940726241783;0,92370859473937;0,886897011023926;NaN;0,792570673822889;471;6038;1043;92420;499;0,984582333333333;0,0111550286757437;0,146059273758217;0,00536701652940218;0,0762914052606295;0,994632983470598;0,988844971324256
Balln;3;200;500;True;True;False;True;1;---;0,839453879129052;0,0153983333333333;NaN;0,233333333333333;NaN;NaN;0,838551730788391;436;1540;21794;71669;4997;0,732091666666666;0,233333333333333;NaN;NaN;0,766666666666667;NaN;0,766666666666667
Balln;3;200;500;True;True;True;False;7;---;0,789730492794784;0,784569906288944;0,845619506811342;0,915386006785963;0,878888584708089;NaN;0,788330591237847;462;5984;1097;92366;554;0,983491;0,011740226852701;0,154380493188658;0,00595678778861694;0,0846139932140366;0,994043212211383;0,988259773147299
Balln;3;200;500;True;True;True;True;1;---;0,841197537930568;0,00883871588629919;NaN;0,13350948088281;NaN;NaN;0,839985717897306;439;877;12725;80738;5660;0,816152;0,136192277821716;NaN;NaN;0,86649051911719;NaN;0,863807722178284
Balln;3;500;200;False;True;False;False;8;---;0,758490817484623;0,718447224334774;0,782295264107945;0,898371127520625;0,835854909122479;NaN;0,755902763265516;190;5872;1644;91820;663;0,976923666666667;0,0175943659589044;0,217704735892054;0,00716598817749628;0,101628872479375;0,992834011822504;0,982405634041096
Balln;3;500;200;False;True;False;True;8;---;0,771947343733722;0,738996562166887;0,81006774389256;0,896748705397481;0,848604971411327;NaN;0,768991959530974;188;5861;1391;92074;674;0,979354666666667;0,0148813951297734;0,189932256107439;0,00722581483127968;0,103251294602519;0,992774185168721;0,985118604870226
Balln;3;500;200;False;True;True;False;8;---;0,755271490424415;0;0;NaN;NaN;NaN;0,752795566698628;187;0;7470;92530;0;0,925304666666667;0,0746953333333333;1;0;NaN;1;0,925304666666667
Balln;3;500;200;False;True;True;True;8;---;0,782634523992735;0;0;NaN;NaN;NaN;0,779292880950042;189;0;7477;92523;0;0,925226666666667;0,0747733333333333;1;0;NaN;1;0,925226666666667
Balln;3;500;200;True;True;False;False;7;---;0,812292586415731;0,834180263075204;0,876601198154212;0,944458282030892;0,908812666370116;NaN;0,810284435202572;184;6174;881;92582;363;0,987562;0,00942248588944728;0,123398801845788;0,00390548660610036;0,0555417179691084;0,9960945133939;0,990577514110553
Balln;3;500;200;True;True;False;True;1;---;0,844775861893993;0,00871433333333333;NaN;0,133333333333333;NaN;NaN;0,843586035592921;179;871;12462;81001;5666;0,818723666666667;0,133333333333333;NaN;NaN;0,866666666666667;NaN;0,866666666666667
Balln;3;500;200;True;True;True;False;7;---;0,81011806864031;0,830507919901339;0,871009335510757;0,946246687625172;0,906771374941896;NaN;0,808498773174138;191;6186;923;92539;351;0,987254666666667;0,00987912705176883;0,128990664489242;0,00377927401413738;0,0537533123748283;0,996220725985863;0,990120872948231
Balln;3;500;200;True;True;True;True;1;---;0,845393884408881;0,00651966666666667;NaN;0,1;NaN;NaN;0,844160797897112;165;652;9348;84115;5885;0,847667666666667;0,1;NaN;NaN;0,9;NaN;0,9
Balln;3;1000;100;False;True;False;False;8;---;0,750146669273172;0,713807262054212;0,780677521167956;0,893098523658268;0,832753476486908;NaN;0,747927564817109;93;5836;1647;91818;699;0,976545;0,0176201595015697;0,219322478832044;0,00754788913413927;0,106901476341732;0,992452110865861;0,98237984049843
Balln;3;1000;100;False;True;False;True;8;---;0,772041722061883;0,735762068212036;0,795452526561053;0,908032380608747;0,84762840485965;NaN;0,769312422051678;95;5934;1536;91929;601;0,978638;0,0164302026905971;0,204547473438946;0,00648745098048223;0,0919676193912527;0,993512549019517;0,983569797309403
Balln;3;1000;100;False;True;True;False;8;---;0,752006087156757;0;0;NaN;NaN;NaN;0,750293264203236;94;0;7483;92517;0;0,925172666666667;0,0748273333333334;1;0;NaN;1;0,925172666666667
Balln;3;1000;100;False;True;True;True;8;---;0,775122237196537;0;0;NaN;NaN;NaN;0,773346736586717;96;0;7359;92641;0;0,926406;0,073594;1;0;NaN;1;0,926406
Balln;3;1000;100;True;True;False;False;7;---;0,810889676787586;0,830123447781541;0,874504271593745;0,941518739132383;0,906121577793263;NaN;0,810375481975098;95;6155;904;92559;383;0,987137;0,00966882838685728;0,125495728406255;0,00411722051076936;0,0584812608676171;0,995882779489231;0,990331171613143
Balln;3;1000;100;True;True;False;True;1;---;0,84580009195487;0,008697;NaN;0,133333333333333;NaN;NaN;0,844735241873308;87;870;12562;80901;5667;0,817706666666667;0,134382565723888;NaN;NaN;0,866666666666667;NaN;0,865617434276112
Balln;3;1000;100;True;True;True;False;7;---;0,811142298124994;0,836726389534913;0,880885039822096;0,942848054465932;0,910606252320464;NaN;0,809999221113144;95;6164;839;92624;373;0,987880333333333;0,00897252949210968;0,119114960177904;0,00401386033044525;0,0571519455340674;0,995986139669555;0,991027470507891
Balln;3;1000;100;True;True;True;True;1;---;0,845469775604927;0,00364788544981198;NaN;0,0349240558292282;NaN;NaN;0,844378783881082;84;226;3132;90331;6312;0,905565666666667;0,0334823465662788;NaN;NaN;0,965075944170772;NaN;0,966517653433721
Balln;4;100;1000;False;True;False;False;6;---;0,0509101782845286;0,0227316075894862;0,0754017018874682;0,140070455473715;NaN;NaN;0;137;267;7286;90796;1650;0,910635333333334;0,0742802531211245;0,924598298112532;0,0176012093268336;0,859929544526285;0,982398790673166;0,925719746878875
Balln;4;100;1000;False;True;False;True;10;---;0,070069572491082;0,0252105536086251;0,0261886445476692;0,408262811398976;0,0491691620134732;NaN;0,00172885387632306;0;783;29116;68966;1135;0,697494;0,296857808448172;0,973811355452331;0,0161582563424135;0,591737188601024;0,983841743657587;0,703142191551828
Balln;4;100;1000;False;True;True;False;11;---;0,120591266550023;0;0;NaN;NaN;NaN;0;55;0;34491;65509;0;0,655089666666667;0,344910333333333;1;0;NaN;1;0,655089666666667
Balln;4;100;1000;False;True;True;True;12;---;0,115097340194725;0;0;NaN;NaN;NaN;0,00172885387632306;0;0;38791;61209;0;0,612090666666667;0,387909333333333;1;0;NaN;1;0,612090666666667
Balln;4;100;1000;True;True;False;False;7;---;0,065927633021042;0,0347638948812899;0,0714033381565481;0,175279454305821;NaN;NaN;0;266;334;7741;90336;1589;0,906703333333334;0,0789212545253011;0,928596661843452;0,0169465230787376;0,824720545694179;0,983053476921262;0,921078745474699
Balln;4;100;1000;True;True;False;True;0;---;0,167944087927105;0,0159020511659118;NaN;0,771377551020408;NaN;NaN;0,00170168383644982;27;1483;75394;22683;439;0,241665;0,768721602656367;NaN;NaN;0,228622448979592;NaN;0,231278397343633
Balln;4;100;1000;True;True;True;False;9;---;0,153655952274492;0,0574946712610974;0,061443574197742;0,60318013399594;0,108605708276709;NaN;0;55;1160;18993;79084;762;0,802443666666667;0,193654026191494;0,938556425802258;0,00944029232037272;0,39681986600406;0,990559707679627;0,806345973808506
Balln;4;100;1000;True;True;True;True;0;---;0,338687182226151;0,013451;NaN;0,7;NaN;NaN;0,00170168383644982;0;1345;68655;29422;578;0,307674;0,700001359739638;NaN;NaN;0,3;NaN;0,299998640260363
Balln;4;200;500;False;True;False;False;10;---;0,436450777196554;0,309605177027521;0,381569446899537;0,518054512014754;NaN;NaN;0,423578651201075;348;992;2353;95729;926;0,967207333333333;0,0239913153582503;0,618430553100463;0,00953015350290834;0,481945487985246;0,990469846497092;0,97600868464175
Balln;4;200;500;False;True;False;True;11;---;0,378765555927243;0,285126992272463;0,534960216388528;0,398678401023957;0,42952409679132;NaN;0,37792609373821;483;766;709;97374;1152;0,981392333333333;0,00722485652211758;0,465039783611472;0,0116600917620561;0,601321598976043;0,988339908237944;0,992775143477883
Balln;4;200;500;False;True;True;False;12;---;0,494273005956009;0;0;NaN;NaN;NaN;0,457536293655204;324;0;14037;85963;0;0,859626666666667;0,140373333333333;1;0;NaN;1;0,859626666666667
Balln;4;200;500;False;True;True;True;10;---;0,362358160210542;0;0;NaN;NaN;NaN;0,361136307320286;465;0;2699;97301;0;0,973011;0,026989;1;0;NaN;1;0,973011
Balln;4;200;500;True;True;False;False;12;---;0,733530025997247;0,516258374514273;0,569488721468548;0,821335832303499;0,66752238067068;NaN;0,730576922692299;472;1581;1252;96826;342;0,984063;0,0127635055003644;0,430511278531452;0,00351195747122325;0,178664167696501;0,996488042528777;0,987236494499636
Balln;4;200;500;True;True;False;True;1;---;0,709731218596195;0,005772;NaN;0,3;NaN;NaN;0,708810779427846;484;577;29513;68564;1345;0,691413;0,300922506715631;NaN;NaN;0,7;NaN;0,699077493284369
Balln;4;200;500;True;True;True;False;11;---;0,7294999848192;0,524071339434912;0,585235942025695;0,827269074474437;0,675147229989991;NaN;0,722286446433014;468;1591;1762;96315;332;0,979064333333333;0,0179606605402161;0,414764057974305;0,00346763441226504;0,172730925525563;0,996532365587735;0,982039339459784
Balln;4;200;500;True;True;True;True;1;---;0,686332749483959;0,00760433333333333;NaN;0,4;NaN;NaN;0,682074967002458;474;760;39330;58747;1162;0,595077666666667;0,400922506715631;NaN;NaN;0,6;NaN;0,599077493284369
Balln;4;500;200;False;True;False;False;12;---;0,70141930445078;0,489384594079135;0,53733196699331;0,794798670021098;NaN;NaN;0,700047451900687;184;1520;1265;96817;398;0,983372333333333;0,0128991114202384;0,46266803300669;0,00407615024424052;0,205201329978902;0,995923849755759;0,987100888579762
Balln;4;500;200;False;True;False;True;12;---;0,519350393380781;0,387139835775841;0,601776648267154;0,533706482446497;0,548910262563056;NaN;0,518695236850868;196;1023;672;97410;894;0,984333666666667;0,00685417384261772;0,398223351732846;0,00907443754296794;0,466293517553503;0,990925562457032;0,993145826157382
Balln;4;500;200;False;True;True;False;11;---;0,694819602569812;0;0;NaN;NaN;NaN;0,685937671536371;181;0;5376;94624;0;0,946244333333333;0,0537556666666667;1;0;NaN;1;0,946244333333333
Balln;4;500;200;False;True;True;True;12;---;0,558429660495029;0;0;NaN;NaN;NaN;0,557730377023271;197;0;1874;98126;0;0,981262666666667;0,0187373333333333;1;0;NaN;1;0,981262666666667
Balln;4;500;200;True;True;False;False;12;---;0,820712494733658;0,608982502437306;0,658357783220073;0,890995063619491;0,755790351603852;NaN;0,819654275019858;196;1713;910;97167;209;0,988805;0,00927950341745342;0,341642216779927;0,00215033958804518;0,109004936380509;0,997849660411955;0,990720496582547
Balln;4;500;200;True;True;False;True;0;---;0,869110595204002;0,0108643333333333;NaN;0,566666666666667;NaN;NaN;0,868413557527032;194;1086;55580;42497;836;0,435835333333333;0,566666666666667;NaN;NaN;0,433333333333333;NaN;0,433333333333333
Balln;4;500;200;True;True;True;False;12;---;0,816309029576672;0,603146960423254;0,648981346819323;0,895100289689935;0,751953600091091;NaN;0,815362769815717;195;1721;937;97140;202;0,988612666666667;0,00955408497344717;0,351018653180676;0,00207202815698876;0,104899710310065;0,997927971843011;0,990445915026553
Balln;4;500;200;True;True;True;True;1;---;0,837515144703141;0,007076;NaN;0,366666666666667;NaN;NaN;0,836956708131042;194;708;36014;62063;1215;0,627706666666667;0,367229403689054;NaN;NaN;0,633333333333333;NaN;0,632770596310946
Balln;4;1000;100;False;True;False;False;12;---;0,739703839822434;0,522639387049981;0,572976771002059;0,831585698754398;NaN;NaN;0,738579598321452;94;1596;1181;96901;322;0,984963333333333;0,0120458196926224;0,427023228997941;0,00331090293999733;0,168414301245602;0,996689097060003;0,987954180307378
Balln;4;1000;100;False;True;False;True;11;---;0,57029464650553;0,423707152768815;0,59248668045445;0,614833573016484;0,58739620415127;NaN;0,569381195533019;97;1181;815;97267;737;0,984478;0,00831406738424787;0,40751331954555;0,00749090213943438;0,385166426983516;0,992509097860566;0,991685932615752
Balln;4;1000;100;False;True;True;False;12;---;0,762633346797916;0;0;NaN;NaN;NaN;0,760624660113888;97;0;2794;97206;0;0,972061;0,027939;1;0;NaN;1;0,972061
Balln;4;1000;100;False;True;True;True;12;---;0,568026458135422;0;0;NaN;NaN;NaN;0,567123026526725;96;0;1931;98069;0;0,980687333333334;0,0193126666666667;1;0;NaN;1;0,980687333333334
Balln;4;1000;100;True;True;False;False;11;---;0,816024318637465;0,614401998688864;0,655505607130315;0,908200043070156;0,760784051763282;NaN;0,814104763377921;97;1746;923;97154;177;0,989006;0,00940958567708616;0,344494392869685;0,00181308326195405;0,0917999569298439;0,998186916738046;0,990590414322914
Balln;4;1000;100;True;True;False;True;1;---;0,819647037619968;0,00635533333333333;NaN;0,333333333333333;NaN;NaN;0,819224308958329;98;636;32708;65369;1287;0,660046;0,33344003588468;NaN;NaN;0,666666666666667;NaN;0,66655996411532
Balln;4;1000;100;True;True;True;False;11;---;0,814972584414705;0,600709992186998;0,642281238791905;0,90397216853174;0,74987336092365;NaN;0,81371850153453;96;1738;982;97096;185;0,988335666666667;0,0100109150729588;0,357718761208095;0,00189710833002817;0,0960278314682598;0,998102891669972;0,989989084927041
Balln;4;1000;100;True;True;True;True;0;---;0,790878469624911;0,010279;NaN;0,533333333333333;NaN;NaN;0,790335856634965;98;1028;52305;45772;895;0,467998;0,533333333333333;NaN;NaN;0,466666666666667;NaN;0,466666666666667
Balln;5;100;1000;False;True;False;False;9;---;0,00070323488045007;0,000140716828077146;0,000160984848484848;0,00108142493638677;NaN;NaN;0;2;1;376;99106;518;0,991068;0,00377631813846312;0,999839015151515;0,00519496864596771;0,998918575063613;0,994805031354032;0,996223681861537
Balln;5;100;1000;False;True;False;True;15;---;0,049307653400971;0,00733988995817787;0,00743598386364467;0,363887528821919;0,0145713216977568;NaN;0;0;189;25190;74292;330;0,744804666666667;0,253212170550679;0,992564016136356;0,00441505235057358;0,636112471178081;0,995584947649427;0,746787829449321
Balln;5;100;1000;False;True;True;False;18;---;0,0849288150620656;0;0;NaN;NaN;NaN;0;0;0;32590;67410;0;0,674105;0,325895;1;0;NaN;1;0,674105
Balln;5;100;1000;False;True;True;True;18;---;0,0850422635065278;0;0;NaN;NaN;NaN;0;0;0;32568;67432;0;0,674319666666667;0,325680333333333;1;0;NaN;1;0,674319666666667
Balln;5;100;1000;True;True;False;False;0;---;0;0,005079;0,005079;1;0,0101065725494955;NaN;0;0;508;99492;0;0;0,005079;1;0,994921;NaN;0;NaN;0
Balln;5;100;1000;True;True;False;True;0;---;0,122465811156994;0,005079;0,005079;1;0,0101065725494955;NaN;0;0;508;99492;0;0;0,005079;1;0,994921;NaN;0;NaN;0
Balln;5;100;1000;True;True;True;False;14;---;0,122457308699728;0,0183559527417844;0,018628242179759;0,566810676857308;0,0360457636111532;NaN;0;0;287;15256;84236;220;0,845235666666667;0,153337163485625;0,981371757820241;0,00260297843620098;0,433189323142692;0,997397021563799;0,846662836514375
Balln;5;100;1000;True;True;True;True;0;---;0,309380632307228;0,005079;0,005079;1;0,0101065725494955;NaN;0;0;508;99492;0;0;0,005079;1;0,994921;NaN;0;NaN;0
Balln;5;200;500;False;True;False;False;9;---;0;0;0;0;NaN;NaN;0;0;0;268;99214;518;0,992136333333333;0,00269666073366196;1;0,00519496167156034;1;0,99480503832844;0,997303339266338
Balln;5;200;500;False;True;False;True;15;---;0,0516027116007207;0,0103858120999474;0,012125743022685;0,346057340142674;0,0202748928852225;NaN;0,00770441740954858;32;179;23516;75966;339;0,761449333333333;0,23638620161218;0,987874256977315;0,00443848502323123;0,653942659857326;0,995561514976769;0,76361379838782
Balln;5;200;500;False;True;True;False;18;---;0,0849288150620656;0;0;NaN;NaN;NaN;0;0;0;32590;67410;0;0,674105;0,325895;1;0;NaN;1;0,674105
Balln;5;200;500;False;True;True;True;18;---;0,08617748665893;0;0;NaN;NaN;NaN;0,00770441740954858;17;0;31598;68402;0;0,684018666666667;0,315981333333333;1;0;NaN;1;0,684018666666667
Balln;5;200;500;True;True;False;False;0;---;0;0,005079;0,005079;1;0,0101065725494955;NaN;0;0;508;99492;0;0;0,005079;1;0,994921;NaN;0;NaN;0
Balln;5;200;500;True;True;False;True;0;---;0,122465811156994;0,005079;0,005079;1;0,0101065725494955;NaN;0;0;508;99492;0;0;0,005079;1;0,994921;NaN;0;NaN;0
Balln;5;200;500;True;True;True;False;14;---;0,122457308699728;0,0183559527417844;0,018628242179759;0,566810676857308;0,0360457636111532;NaN;0;0;287;15256;84236;220;0,845235666666667;0,153337163485625;0,981371757820241;0,00260297843620098;0,433189323142692;0,997397021563799;0,846662836514375
Balln;5;200;500;True;True;True;True;0;---;0,309848877327561;0,00508586206896552;0,00508586206896552;1;0,0101201577236229;NaN;0;0;509;99491;0;0;0,00508586206896552;1;0,994914137931034;NaN;0;NaN;0
Balln;5;500;200;False;True;False;False;9;---;0;0;0;0;NaN;NaN;0;0;0;268;99214;518;0,992136333333333;0,00269666073366196;1;0,00519496167156034;1;0,99480503832844;0,997303339266338
Balln;5;500;200;False;True;False;True;15;---;0,0543515966974099;0,0122262326338562;0,0257003044665428;0,345903854194206;0,0235469809108353;NaN;0,00986413599809863;13;179;23492;75990;339;0,761688666666667;0,236146868267671;0,974299695533457;0,00443370995482134;0,654096145805794;0,995566290045179;0,763853131732329
Balln;5;500;200;False;True;True;False;18;---;0,0849288150620656;0;0;NaN;NaN;NaN;0;0;0;32590;67410;0;0,674105;0,325895;1;0;NaN;1;0,674105
Balln;5;500;200;False;True;True;True;18;---;0,0875960541195707;0;0;NaN;NaN;NaN;0,00973328187172546;13;0;30443;69557;0;0,695574;0,304426;1;0;NaN;1;0,695574
Balln;5;500;200;True;True;False;False;1;---;0,0270870870870871;0,0179350346394094;0,0187613623188406;0,995589161940769;0,02849427973728;NaN;0,0270870870870871;7;506;96198;3294;2;0,0379976666666667;0,966882810065245;0,981238637681159;NaN;0,00441083805923126;NaN;0,0331171899347549
Balln;5;500;200;True;True;False;True;0;---;0,132198829171388;0,004905;0,004905;0,966666666666667;NaN;NaN;0,0278171529284916;13;490;96364;3128;17;0,0361816666666667;0,968559212422177;0,995095;NaN;0,0333333333333333;NaN;0,0314407875778229
Balln;5;500;200;True;True;True;False;15;---;0,14539494100717;0,0300815155511429;0,0308769850347909;0,578845963561782;0,0528113391561481;NaN;0,0270724637681159;7;294;14819;84673;214;0,849666;0,148947274305194;0,969123014965209;0,00252614020495248;0,421154036438218;0,997473859795048;0,851052725694806
Balln;5;500;200;True;True;True;True;0;---;0,309380632307228;0,005079;0,005079;1;0,0101065725494955;NaN;0,0282512368885871;0;508;99492;0;0;0,005079;1;0,994921;NaN;0;NaN;0
Balln;5;1000;100;False;True;False;False;10;---;0,0260970429519434;0,0124133566260778;0,0135476700844538;0,0276490868675582;NaN;NaN;0,0258928571428571;4;15;489;98993;503;0,990076666666666;0,00491654129053253;0,986452329915546;0,00505762084510902;0,972350913132442;0,994942379154891;0,995083458709467
Balln;5;1000;100;False;True;False;True;14;---;0,0792012307875267;0,027355955867501;0,0562640113391678;0,318691495973245;0,0502779605802625;NaN;0,0407564267986789;23;165;19524;79958;353;0,801234333333333;0,196255245857997;0,943735988660832;0,00439533013761685;0,681308504026755;0,995604669862383;0,803744754142003
Balln;5;1000;100;False;True;True;False;18;---;0,108856174586723;0;0;NaN;NaN;NaN;0,0269540229885057;3;0;31652;68348;0;0,683476;0,316524;1;0;NaN;1;0,683476
Balln;5;1000;100;False;True;True;True;17;---;0,110817603037535;0;0;NaN;NaN;NaN;0,0454399481222524;20;0;26243;73757;0;0,737569666666667;0,262430333333333;1;0;NaN;1;0,737569666666667
Balln;5;1000;100;True;True;False;False;1;---;0,0223306233062331;0,014197993847506;0,014882101910828;0,993421884882986;0,0242931635106628;NaN;0,0221843003412969;3;504;96209;3283;3;0,037872;0,966998414980279;0,985117898089172;NaN;0,00657811511701455;NaN;0,0330015850197206
Balln;5;1000;100;True;True;False;True;0;---;0,151608115920312;0,005079;0,005079;1;0,0101065725494955;NaN;0,0540548896427546;10;508;99492;0;0;0,005079;1;0,994921;NaN;0;NaN;0
Balln;5;1000;100;True;True;True;False;14;---;0,140886558184655;0,0270329012705541;0,0280524467269511;0,578448880525872;0,0493877390848078;NaN;0,0227398779811425;3;294;14873;84619;214;0,849124666666667;0,149489218147024;0,971947553273049;0,00252780103108327;0,421551119474128;0,997472198968917;0,850510781852976
Balln;5;1000;100;True;True;True;True;0;---;0,315576916724274;0,005079;0,005079;1;0,0101065725494955;NaN;0,0531021906855914;7;508;99492;0;0;0,005079;1;0,994921;NaN;0;NaN;0
